task_id,passed,input_tokens,output_tokens,total_tokens
HumanEval/0,PASS,152,42,194
HumanEval/1,PASS,145,98,243
HumanEval/10,PASS,171,53,224
HumanEval/100,PASS,157,54,211
HumanEval/101,FAIL,141,30,171
HumanEval/102,PASS,119,61,180
HumanEval/103,PASS,170,64,234
HumanEval/104,PASS,131,43,174
HumanEval/105,PASS,301,78,379
HumanEval/106,PASS,149,100,249
HumanEval/107,PASS,234,79,313
HumanEval/108,PASS,155,100,255
HumanEval/109,PASS,329,62,391
HumanEval/11,PASS,102,25,127
HumanEval/110,PASS,222,71,293
HumanEval/111,PASS,176,82,258
HumanEval/112,PASS,189,41,230
HumanEval/113,PASS,200,220,420
HumanEval/114,PASS,115,52,167
HumanEval/115,PASS,352,50,402
HumanEval/116,FAIL,196,24,220
HumanEval/117,PASS,205,82,287
HumanEval/118,PASS,173,94,267
HumanEval/119,PASS,196,196,392
HumanEval/12,PASS,127,51,178
HumanEval/120,FAIL,239,11,250
HumanEval/121,PASS,122,30,152
HumanEval/122,FAIL,152,42,194
HumanEval/123,PASS,255,66,321
HumanEval/124,PASS,286,224,510
HumanEval/125,PASS,169,85,254
HumanEval/126,PASS,283,154,437
HumanEval/127,PASS,280,107,387
HumanEval/128,PASS,146,98,244
HumanEval/129,FAIL,421,298,719
HumanEval/13,PASS,96,21,117
HumanEval/130,PASS,259,154,413
HumanEval/131,PASS,96,60,156
HumanEval/132,FAIL,166,44,210
HumanEval/133,PASS,183,37,220
HumanEval/134,PASS,169,53,222
HumanEval/135,FAIL,128,32,160
HumanEval/136,PASS,171,63,234
HumanEval/137,PASS,166,139,305
HumanEval/138,PASS,106,23,129
HumanEval/139,PASS,120,56,176
HumanEval/14,PASS,83,21,104
HumanEval/140,PASS,136,116,252
HumanEval/141,PASS,242,133,375
HumanEval/142,PASS,195,66,261
HumanEval/143,PASS,175,87,262
HumanEval/144,PASS,182,66,248
HumanEval/145,FAIL,140,36,176
HumanEval/146,PASS,144,78,222
HumanEval/147,PASS,192,176,368
HumanEval/148,PASS,238,114,352
HumanEval/149,PASS,213,38,251
HumanEval/15,PASS,97,24,121
HumanEval/150,PASS,111,49,160
HumanEval/151,PASS,169,45,214
HumanEval/152,PASS,255,47,302
HumanEval/153,PASS,300,80,380
HumanEval/154,PASS,161,35,196
HumanEval/155,PASS,93,72,165
HumanEval/156,PASS,130,191,321
HumanEval/157,PASS,138,37,175
HumanEval/158,PASS,146,63,209
HumanEval/159,PASS,302,40,342
HumanEval/16,PASS,97,24,121
HumanEval/160,PASS,232,49,281
HumanEval/161,PASS,132,45,177
HumanEval/162,PASS,103,31,134
HumanEval/163,FAIL,133,56,189
HumanEval/17,PASS,198,183,381
HumanEval/18,PASS,119,53,172
HumanEval/19,PASS,129,117,246
HumanEval/2,PASS,110,7,117
HumanEval/20,PASS,195,127,322
HumanEval/21,PASS,149,90,239
HumanEval/22,PASS,119,21,140
HumanEval/23,PASS,67,22,89
HumanEval/24,PASS,76,34,110
HumanEval/25,PASS,149,73,222
HumanEval/26,PASS,112,59,171
HumanEval/27,PASS,73,57,130
HumanEval/28,PASS,87,7,94
HumanEval/29,PASS,114,15,129
HumanEval/3,PASS,143,32,175
HumanEval/30,PASS,142,14,156
HumanEval/31,PASS,124,77,201
HumanEval/32,FAIL,288,253,541
HumanEval/33,PASS,178,89,267
HumanEval/34,PASS,98,6,104
HumanEval/35,PASS,105,47,152
HumanEval/36,PASS,105,47,152
HumanEval/37,PASS,151,87,238
HumanEval/38,PASS,186,109,295
HumanEval/39,PASS,117,177,294
HumanEval/4,PASS,141,58,199
HumanEval/40,PASS,191,132,323
HumanEval/41,PASS,179,5,184
HumanEval/42,PASS,137,12,149
HumanEval/43,PASS,182,34,216
HumanEval/44,PASS,116,105,221
HumanEval/45,PASS,70,10,80
HumanEval/46,PASS,193,105,298
HumanEval/47,PASS,99,63,162
HumanEval/48,PASS,102,15,117
HumanEval/49,PASS,125,80,205
HumanEval/5,PASS,120,40,160
HumanEval/50,PASS,120,33,153
HumanEval/51,PASS,141,43,184
HumanEval/52,PASS,107,21,128
HumanEval/53,PASS,76,5,81
HumanEval/54,FAIL,177,11,188
HumanEval/55,PASS,74,72,146
HumanEval/56,PASS,120,58,178
HumanEval/57,PASS,111,111,222
HumanEval/58,PASS,139,12,151
HumanEval/59,FAIL,86,48,134
HumanEval/6,PASS,140,119,259
HumanEval/60,PASS,114,28,142
HumanEval/61,PASS,120,57,177
HumanEval/62,PASS,134,48,182
HumanEval/63,PASS,170,80,250
HumanEval/64,PASS,149,77,226
HumanEval/65,PASS,111,58,169
HumanEval/66,PASS,138,16,154
HumanEval/67,PASS,240,43,283
HumanEval/68,PASS,337,97,434
HumanEval/69,PASS,190,71,261
HumanEval/7,PASS,119,13,132
HumanEval/70,PASS,149,41,190
HumanEval/71,PASS,146,82,228
HumanEval/72,PASS,253,14,267
HumanEval/73,PASS,180,48,228
HumanEval/74,PASS,220,60,280
HumanEval/75,PASS,105,140,245
HumanEval/76,PASS,181,52,233
HumanEval/77,FAIL,135,56,191
HumanEval/78,PASS,324,51,375
HumanEval/79,PASS,168,60,228
HumanEval/8,PASS,135,51,186
HumanEval/80,PASS,147,68,215
HumanEval/81,PASS,298,268,566
HumanEval/82,PASS,107,56,163
HumanEval/83,FAIL,70,96,166
HumanEval/84,PASS,158,22,180
HumanEval/85,PASS,80,46,126
HumanEval/86,PASS,159,82,241
HumanEval/87,FAIL,285,52,337
HumanEval/88,PASS,228,62,290
HumanEval/89,PASS,136,73,209
HumanEval/9,PASS,124,47,171
HumanEval/90,PASS,155,49,204
HumanEval/91,PASS,133,109,242
HumanEval/92,PASS,160,48,208
HumanEval/93,PASS,134,118,252
HumanEval/94,FAIL,311,56,367
HumanEval/95,PASS,205,142,347
HumanEval/96,PASS,170,76,246
HumanEval/97,PASS,123,19,142
HumanEval/98,PASS,102,49,151
HumanEval/99,PASS,181,40,221

=== SUMMARY ===,,,,
Model,
Total problems,164
Passed,148
pass@1,0.9024
Total input tokens,26723
Total output tokens,11284
Total tokens,38007
Avg input tokens/problem,162.9
Avg output tokens/problem,68.8
Avg total tokens/problem,231.8
